{
  "total_patterns": 127885,
  "total_variants": 394056,
  "total_searchable_items": 521941,
  "tier_distribution": {
    "tier_0_exact": 3,
    "tier_1_high_recall": 50352,
    "tier_2_medium_recall": 77530,
    "tier_3_broad_recall": 0
  },
  "expected_precision": {
    "average": 0.4489148062712593,
    "tier_0": 0.9899999999999999,
    "tier_1": 0.7000119161105816,
    "tier_2": 0.2858183928801754,
    "tier_3": 0.0
  }
}